{"cameraMode":{"drawMode":0,"name":"Shaded","section":"Shading Mode"},"sceneLighting":false,"audioPlay":false,"sceneViewState":{"showFog":true,"showMaterialUpdate":false,"showSkybox":false,"showFlares":true,"showImageEffects":true,"showParticleSystems":true},"in2DMode":false,"pivot":{"x":-2.384185791015625e-7,"y":-2.384185791015625e-7,"z":0.0},"rotation":{"x":0.28052228689193728,"y":-0.0228265393525362,"z":0.00668811472132802,"w":0.9595912098884583},"size":2.6632769107818605,"orthographic":false}