{"cameraMode":{"drawMode":0,"name":"Shaded","section":"Shading Mode"},"sceneLighting":true,"audioPlay":false,"sceneViewState":{"showFog":true,"showMaterialUpdate":false,"showSkybox":true,"showFlares":true,"showImageEffects":true,"showParticleSystems":true},"in2DMode":false,"pivot":{"x":-50.93810272216797,"y":134.15423583984376,"z":198.26016235351563},"rotation":{"x":-0.28711360692977908,"y":-0.3761052191257477,"z":0.12380018085241318,"w":-0.8722344636917114},"size":7.470700740814209,"orthographic":false}